{
  "data": [{
    "age": 0.038075906,
    "sex": 0.050680118,
    "bmi": 0.061696207,
    "bp": 0.021872356,
    "s1": -0.044223498,
    "s2": -0.03482076,
    "s3": -0.043400846,
    "s4": -0.0025922629,
    "s5": 0.019908421,
    "s6": -0.017646125
  }]
}